{
  "Disabled": false,
  "Testing": false,
  "ScheduledForDeletion": false,
  "InstalledFromUrl": "",
  "WorkingPluginId": "e7988101-3296-4e60-931d-53b0e5b9ab73",
  "IsThirdParty": false,
  "EffectiveVersion": "0.0.0.1",
  "Author": "ruukki",
  "Name": "BisTranslator",
  "Punchline": "Become RP god",
  "Description": "Personilised chat message translations and movement impairing commands",
  "Changelog": null,
  "Tags": [
    "translate"
  ],
  "CategoryTags": null,
  "IsHide": false,
  "InternalName": "BisTranslator",
  "AssemblyVersion": "0.0.0.1",
  "TestingAssemblyVersion": null,
  "IsTestingExclusive": false,
  "RepoUrl": null,
  "ApplicableVersion": "any",
  "DalamudApiLevel": 99,
  "DownloadCount": 0,
  "LastUpdate": 0,
  "DownloadLinkInstall": null,
  "DownloadLinkUpdate": null,
  "DownloadLinkTesting": null,
  "LoadRequiredState": 0,
  "LoadSync": false,
  "LoadPriority": 696969,
  "CanUnloadAsync": false,
  "SupportsProfiles": true,
  "ImageUrls": null,
  "IconUrl": null,
  "AcceptsFeedback": true,
  "FeedbackMessage": null,
  "_Dip17Channel": null
}